Current MMWR Year,MMWR DATE,Infectious_Agent_Name,Current_week
2022,1/1/2022,Campylobacteriosis,199
2022,1/1/2022,Campylobacteriosis,154
2022,1/1/2022,Campylobacteriosis,116
2022,1/1/2022,Campylobacteriosis,121
2022,1/1/2022,Campylobacteriosis,85
2022,2/1/2022,Campylobacteriosis,152
2022,2/1/2022,Campylobacteriosis,348
2022,2/1/2022,Campylobacteriosis,191
2022,2/1/2022,Campylobacteriosis,211
2022,3/1/2022,Campylobacteriosis,347
2022,3/1/2022,Campylobacteriosis,383
2022,3/1/2022,Campylobacteriosis,369
2022,3/1/2022,Campylobacteriosis,457
2022,4/1/2022,Campylobacteriosis,366
2022,4/1/2022,Campylobacteriosis,445
2022,4/1/2022,Campylobacteriosis,381
2022,4/1/2022,Campylobacteriosis,471
2022,4/1/2022,Campylobacteriosis,513
2022,5/1/2022,Campylobacteriosis,619
2022,5/1/2022,Campylobacteriosis,455
2022,5/1/2022,Campylobacteriosis,551
2022,5/1/2022,Campylobacteriosis,489
2022,6/1/2022,Campylobacteriosis,603
2022,6/1/2022,Campylobacteriosis,648
2022,6/1/2022,Campylobacteriosis,682
2022,6/1/2022,Campylobacteriosis,554
2022,7/1/2022,Campylobacteriosis,431
2022,7/1/2022,Campylobacteriosis,867
2022,7/1/2022,Campylobacteriosis,697
2022,7/1/2022,Campylobacteriosis,657
2022,7/1/2022,Campylobacteriosis,669
2022,8/1/2022,Campylobacteriosis,691
2022,8/1/2022,Campylobacteriosis,623
2022,8/1/2022,Campylobacteriosis,623
2022,8/1/2022,Campylobacteriosis,600
2022,9/1/2022,Campylobacteriosis,722
2022,9/1/2022,Campylobacteriosis,784
2022,9/1/2022,Campylobacteriosis,710
2022,9/1/2022,Campylobacteriosis,616
2022,10/1/2022,Campylobacteriosis,578
2022,10/1/2022,Campylobacteriosis,525
2022,10/1/2022,Campylobacteriosis,585
2022,10/1/2022,Campylobacteriosis,589
2022,10/1/2022,Campylobacteriosis,566
2022,11/1/2022,Campylobacteriosis,450
2022,11/1/2022,Campylobacteriosis,549
2022,11/1/2022,Campylobacteriosis,428
2022,11/1/2022,Campylobacteriosis,610
2022,12/1/2022,Campylobacteriosis,515
2022,12/1/2022,Campylobacteriosis,494
2022,12/1/2022,Campylobacteriosis,382
2022,12/1/2022,Campylobacteriosis,262
2023,1/1/2023,Campylobacteriosis,568
2023,1/1/2023,Campylobacteriosis,514
2023,1/1/2023,Campylobacteriosis,605
2023,1/1/2023,Campylobacteriosis,615
2023,1/1/2023,Campylobacteriosis,543
2023,2/1/2023,Campylobacteriosis,481
2023,2/1/2023,Campylobacteriosis,479
2023,2/1/2023,Campylobacteriosis,525
2023,2/1/2023,Campylobacteriosis,522
2023,3/1/2023,Campylobacteriosis,562
2023,3/1/2023,Campylobacteriosis,476
2023,3/1/2023,Campylobacteriosis,516
2023,4/1/2023,Campylobacteriosis,589
2023,4/1/2023,Campylobacteriosis,577
2023,4/1/2023,Campylobacteriosis,525
2023,4/1/2023,Campylobacteriosis,557
2023,4/1/2023,Campylobacteriosis,613
2023,5/1/2023,Campylobacteriosis,800
2023,5/1/2023,Campylobacteriosis,634
2023,5/1/2023,Campylobacteriosis,631
2023,5/1/2023,Campylobacteriosis,627
2023,6/1/2023,Campylobacteriosis,968
2023,6/1/2023,Campylobacteriosis,670
2023,6/1/2023,Campylobacteriosis,706
2023,6/1/2023,Campylobacteriosis,854
2023,7/1/2023,Campylobacteriosis,952
2023,7/1/2023,Campylobacteriosis,987
2023,7/1/2023,Campylobacteriosis,1041
2023,7/1/2023,Campylobacteriosis,974
2023,7/1/2023,Campylobacteriosis,900
2023,8/1/2023,Campylobacteriosis,955
2023,8/1/2023,Campylobacteriosis,832
2023,8/1/2023,Campylobacteriosis,873
2023,8/1/2023,Campylobacteriosis,964
2023,9/1/2023,Campylobacteriosis,697
2023,9/1/2023,Campylobacteriosis,928
2023,9/1/2023,Campylobacteriosis,656
2023,9/1/2023,Campylobacteriosis,760
2023,10/1/2023,Campylobacteriosis,801
2023,10/1/2023,Campylobacteriosis,722
2023,10/1/2023,Campylobacteriosis,969
2023,10/1/2023,Campylobacteriosis,735
2023,10/1/2023,Campylobacteriosis,630
2023,11/1/2023,Campylobacteriosis,682
2023,11/1/2023,Campylobacteriosis,535
2023,11/1/2023,Campylobacteriosis,476
2023,11/1/2023,Campylobacteriosis,762
2023,12/1/2023,Campylobacteriosis,126
2023,12/1/2023,Campylobacteriosis,595
2023,12/1/2023,Campylobacteriosis,570
2023,12/1/2023,Campylobacteriosis,517
2024,1/1/2024,Campylobacteriosis,392
2024,1/1/2024,Campylobacteriosis,477
2024,1/1/2024,Campylobacteriosis,550
2024,1/1/2024,Campylobacteriosis,562
2024,1/1/2024,Campylobacteriosis,555
2024,2/1/2024,Campylobacteriosis,634
2024,2/1/2024,Campylobacteriosis,552
2024,2/1/2024,Campylobacteriosis,591
2024,2/1/2024,Campylobacteriosis,619
2024,3/1/2024,Campylobacteriosis,641
2024,3/1/2024,Campylobacteriosis,663
2024,3/1/2024,Campylobacteriosis,509
2024,3/1/2024,Campylobacteriosis,678
2024,4/1/2024,Campylobacteriosis,674
2024,4/1/2024,Campylobacteriosis,659
2024,4/1/2024,Campylobacteriosis,745
2024,4/1/2024,Campylobacteriosis,742
2024,4/1/2024,Campylobacteriosis,674
2024,5/1/2024,Campylobacteriosis,866
2024,5/1/2024,Campylobacteriosis,835
2024,5/1/2024,Campylobacteriosis,794
2024,5/1/2024,Campylobacteriosis,812
2024,6/1/2024,Campylobacteriosis,989
2024,6/1/2024,Campylobacteriosis,1065
2024,6/1/2024,Campylobacteriosis,1158
2024,6/1/2024,Campylobacteriosis,965
2024,7/1/2024,Campylobacteriosis,1022
2024,7/1/2024,Campylobacteriosis,1027
2024,7/1/2024,Campylobacteriosis,850
2024,7/1/2024,Campylobacteriosis,860
2024,7/1/2024,Campylobacteriosis,906
2024,8/1/2024,Campylobacteriosis,913
2024,8/1/2024,Campylobacteriosis,811
2024,8/1/2024,Campylobacteriosis,885
2024,8/1/2024,Campylobacteriosis,802
2024,9/1/2024,Campylobacteriosis,906
2024,9/1/2024,Campylobacteriosis,682
2024,9/1/2024,Campylobacteriosis,832
2024,9/1/2024,Campylobacteriosis,778
2024,10/1/2024,Campylobacteriosis,810
2024,10/1/2024,Campylobacteriosis,579
2024,10/1/2024,Campylobacteriosis,726
2024,10/1/2024,Campylobacteriosis,768
2024,10/1/2024,Campylobacteriosis,708
2024,11/1/2024,Campylobacteriosis,694
2024,11/1/2024,Campylobacteriosis,765
2024,11/1/2024,Campylobacteriosis,866
2024,11/1/2024,Campylobacteriosis,692
2024,12/1/2024,Campylobacteriosis,1001
2024,12/1/2024,Campylobacteriosis,722
2024,12/1/2024,Campylobacteriosis,326
2024,12/1/2024,Campylobacteriosis,666
2022,1/1/2022,Chlamydia Trachomatis,6912
2022,1/1/2022,Chlamydia Trachomatis,9412
2022,1/1/2022,Chlamydia Trachomatis,3474
2022,1/1/2022,Chlamydia Trachomatis,6948
2022,1/1/2022,Chlamydia Trachomatis,4306
2022,2/1/2022,Chlamydia Trachomatis,9695
2022,2/1/2022,Chlamydia Trachomatis,11346
2022,2/1/2022,Chlamydia Trachomatis,8580
2022,2/1/2022,Chlamydia Trachomatis,9937
2022,3/1/2022,Chlamydia Trachomatis,9133
2022,3/1/2022,Chlamydia Trachomatis,13889
2022,3/1/2022,Chlamydia Trachomatis,13284
2022,3/1/2022,Chlamydia Trachomatis,13098
2022,4/1/2022,Chlamydia Trachomatis,13730
2022,4/1/2022,Chlamydia Trachomatis,12805
2022,4/1/2022,Chlamydia Trachomatis,13320
2022,4/1/2022,Chlamydia Trachomatis,13139
2022,4/1/2022,Chlamydia Trachomatis,12768
2022,5/1/2022,Chlamydia Trachomatis,12068
2022,5/1/2022,Chlamydia Trachomatis,10928
2022,5/1/2022,Chlamydia Trachomatis,10570
2022,5/1/2022,Chlamydia Trachomatis,6829
2022,6/1/2022,Chlamydia Trachomatis,11934
2022,6/1/2022,Chlamydia Trachomatis,12655
2022,6/1/2022,Chlamydia Trachomatis,12720
2022,6/1/2022,Chlamydia Trachomatis,11972
2022,7/1/2022,Chlamydia Trachomatis,6796
2022,7/1/2022,Chlamydia Trachomatis,17162
2022,7/1/2022,Chlamydia Trachomatis,12923
2022,7/1/2022,Chlamydia Trachomatis,12795
2022,7/1/2022,Chlamydia Trachomatis,11736
2022,8/1/2022,Chlamydia Trachomatis,14406
2022,8/1/2022,Chlamydia Trachomatis,13080
2022,8/1/2022,Chlamydia Trachomatis,13603
2022,8/1/2022,Chlamydia Trachomatis,12206
2022,9/1/2022,Chlamydia Trachomatis,13299
2022,9/1/2022,Chlamydia Trachomatis,10036
2022,9/1/2022,Chlamydia Trachomatis,13711
2022,9/1/2022,Chlamydia Trachomatis,12532
2022,10/1/2022,Chlamydia Trachomatis,12222
2022,10/1/2022,Chlamydia Trachomatis,12923
2022,10/1/2022,Chlamydia Trachomatis,14275
2022,10/1/2022,Chlamydia Trachomatis,14216
2022,10/1/2022,Chlamydia Trachomatis,13590
2022,11/1/2022,Chlamydia Trachomatis,12508
2022,11/1/2022,Chlamydia Trachomatis,14241
2022,11/1/2022,Chlamydia Trachomatis,9235
2022,11/1/2022,Chlamydia Trachomatis,12409
2022,12/1/2022,Chlamydia Trachomatis,13655
2022,12/1/2022,Chlamydia Trachomatis,13487
2022,12/1/2022,Chlamydia Trachomatis,11550
2022,12/1/2022,Chlamydia Trachomatis,2614
2023,1/1/2023,Chlamydia Trachomatis,14383
2023,1/1/2023,Chlamydia Trachomatis,14130
2023,1/1/2023,Chlamydia Trachomatis,10328
2023,1/1/2023,Chlamydia Trachomatis,16341
2023,1/1/2023,Chlamydia Trachomatis,14147
2023,2/1/2023,Chlamydia Trachomatis,13060
2023,2/1/2023,Chlamydia Trachomatis,13739
2023,2/1/2023,Chlamydia Trachomatis,15348
2023,2/1/2023,Chlamydia Trachomatis,13224
2023,3/1/2023,Chlamydia Trachomatis,16231
2023,3/1/2023,Chlamydia Trachomatis,13988
2023,3/1/2023,Chlamydia Trachomatis,15172
2023,4/1/2023,Chlamydia Trachomatis,14828
2023,4/1/2023,Chlamydia Trachomatis,15196
2023,4/1/2023,Chlamydia Trachomatis,14814
2023,4/1/2023,Chlamydia Trachomatis,15315
2023,4/1/2023,Chlamydia Trachomatis,15101
2023,5/1/2023,Chlamydia Trachomatis,15280
2023,5/1/2023,Chlamydia Trachomatis,13769
2023,5/1/2023,Chlamydia Trachomatis,12437
2023,5/1/2023,Chlamydia Trachomatis,14013
2023,6/1/2023,Chlamydia Trachomatis,11243
2023,6/1/2023,Chlamydia Trachomatis,15562
2023,6/1/2023,Chlamydia Trachomatis,14922
2023,6/1/2023,Chlamydia Trachomatis,12728
2023,7/1/2023,Chlamydia Trachomatis,11038
2023,7/1/2023,Chlamydia Trachomatis,15675
2023,7/1/2023,Chlamydia Trachomatis,15652
2023,7/1/2023,Chlamydia Trachomatis,15156
2023,7/1/2023,Chlamydia Trachomatis,15332
2023,8/1/2023,Chlamydia Trachomatis,13867
2023,8/1/2023,Chlamydia Trachomatis,16055
2023,8/1/2023,Chlamydia Trachomatis,13530
2023,8/1/2023,Chlamydia Trachomatis,14425
2023,9/1/2023,Chlamydia Trachomatis,9879
2023,9/1/2023,Chlamydia Trachomatis,12868
2023,9/1/2023,Chlamydia Trachomatis,14579
2023,9/1/2023,Chlamydia Trachomatis,14617
2023,10/1/2023,Chlamydia Trachomatis,13875
2023,10/1/2023,Chlamydia Trachomatis,14573
2023,10/1/2023,Chlamydia Trachomatis,13146
2023,10/1/2023,Chlamydia Trachomatis,15295
2023,10/1/2023,Chlamydia Trachomatis,14805
2023,11/1/2023,Chlamydia Trachomatis,10962
2023,11/1/2023,Chlamydia Trachomatis,15666
2023,11/1/2023,Chlamydia Trachomatis,9657
2023,11/1/2023,Chlamydia Trachomatis,14485
2023,12/1/2023,Chlamydia Trachomatis,1161
2023,12/1/2023,Chlamydia Trachomatis,15236
2023,12/1/2023,Chlamydia Trachomatis,14707
2023,12/1/2023,Chlamydia Trachomatis,11424
2024,1/1/2024,Chlamydia Trachomatis,5748
2024,1/1/2024,Chlamydia Trachomatis,11034
2024,1/1/2024,Chlamydia Trachomatis,12180
2024,1/1/2024,Chlamydia Trachomatis,13249
2024,1/1/2024,Chlamydia Trachomatis,18198
2024,2/1/2024,Chlamydia Trachomatis,15041
2024,2/1/2024,Chlamydia Trachomatis,13124
2024,2/1/2024,Chlamydia Trachomatis,13668
2024,2/1/2024,Chlamydia Trachomatis,13903
2024,3/1/2024,Chlamydia Trachomatis,14504
2024,3/1/2024,Chlamydia Trachomatis,13390
2024,3/1/2024,Chlamydia Trachomatis,14635
2024,3/1/2024,Chlamydia Trachomatis,13827
2024,4/1/2024,Chlamydia Trachomatis,13139
2024,4/1/2024,Chlamydia Trachomatis,13311
2024,4/1/2024,Chlamydia Trachomatis,15294
2024,4/1/2024,Chlamydia Trachomatis,15135
2024,4/1/2024,Chlamydia Trachomatis,11768
2024,5/1/2024,Chlamydia Trachomatis,15436
2024,5/1/2024,Chlamydia Trachomatis,15176
2024,5/1/2024,Chlamydia Trachomatis,13851
2024,5/1/2024,Chlamydia Trachomatis,11322
2024,6/1/2024,Chlamydia Trachomatis,13710
2024,6/1/2024,Chlamydia Trachomatis,13751
2024,6/1/2024,Chlamydia Trachomatis,12144
2024,6/1/2024,Chlamydia Trachomatis,14033
2024,7/1/2024,Chlamydia Trachomatis,12866
2024,7/1/2024,Chlamydia Trachomatis,15191
2024,7/1/2024,Chlamydia Trachomatis,13433
2024,7/1/2024,Chlamydia Trachomatis,14169
2024,7/1/2024,Chlamydia Trachomatis,14138
2024,8/1/2024,Chlamydia Trachomatis,12996
2024,8/1/2024,Chlamydia Trachomatis,13581
2024,8/1/2024,Chlamydia Trachomatis,14230
2024,8/1/2024,Chlamydia Trachomatis,12653
2024,9/1/2024,Chlamydia Trachomatis,14977
2024,9/1/2024,Chlamydia Trachomatis,10651
2024,9/1/2024,Chlamydia Trachomatis,14874
2024,9/1/2024,Chlamydia Trachomatis,15693
2024,10/1/2024,Chlamydia Trachomatis,14018
2024,10/1/2024,Chlamydia Trachomatis,13696
2024,10/1/2024,Chlamydia Trachomatis,14551
2024,10/1/2024,Chlamydia Trachomatis,14025
2024,10/1/2024,Chlamydia Trachomatis,14342
2024,11/1/2024,Chlamydia Trachomatis,13558
2024,11/1/2024,Chlamydia Trachomatis,15040
2024,11/1/2024,Chlamydia Trachomatis,15973
2024,11/1/2024,Chlamydia Trachomatis,11110
2024,12/1/2024,Chlamydia Trachomatis,13361
2024,12/1/2024,Chlamydia Trachomatis,12691
2024,12/1/2024,Chlamydia Trachomatis,12503
2024,12/1/2024,Chlamydia Trachomatis,9099
2024,1/1/2024,Chronic Hepatitis B,172
2024,1/1/2024,Chronic Hepatitis B,50
2024,1/1/2024,Chronic Hepatitis B,149
2024,1/1/2024,Chronic Hepatitis B,74
2024,1/1/2024,Chronic Hepatitis B,44
2024,2/1/2024,Chronic Hepatitis B,63
2024,2/1/2024,Chronic Hepatitis B,55
2024,2/1/2024,Chronic Hepatitis B,93
2024,2/1/2024,Chronic Hepatitis B,275
2024,3/1/2024,Chronic Hepatitis B,125
2024,3/1/2024,Chronic Hepatitis B,132
2024,3/1/2024,Chronic Hepatitis B,112
2024,3/1/2024,Chronic Hepatitis B,317
2024,4/1/2024,Chronic Hepatitis B,294
2024,4/1/2024,Chronic Hepatitis B,141
2024,4/1/2024,Chronic Hepatitis B,262
2024,4/1/2024,Chronic Hepatitis B,252
2024,4/1/2024,Chronic Hepatitis B,103
2024,5/1/2024,Chronic Hepatitis B,116
2024,5/1/2024,Chronic Hepatitis B,306
2024,5/1/2024,Chronic Hepatitis B,89
2024,5/1/2024,Chronic Hepatitis B,276
2024,6/1/2024,Chronic Hepatitis B,73
2024,6/1/2024,Chronic Hepatitis B,115
2024,6/1/2024,Chronic Hepatitis B,242
2024,6/1/2024,Chronic Hepatitis B,93
2024,7/1/2024,Chronic Hepatitis B,253
2024,7/1/2024,Chronic Hepatitis B,123
2024,7/1/2024,Chronic Hepatitis B,205
2024,7/1/2024,Chronic Hepatitis B,110
2024,7/1/2024,Chronic Hepatitis B,294
2024,8/1/2024,Chronic Hepatitis B,102
2024,8/1/2024,Chronic Hepatitis B,280
2024,8/1/2024,Chronic Hepatitis B,107
2024,8/1/2024,Chronic Hepatitis B,111
2024,9/1/2024,Chronic Hepatitis B,125
2024,9/1/2024,Chronic Hepatitis B,319
2024,9/1/2024,Chronic Hepatitis B,114
2024,9/1/2024,Chronic Hepatitis B,249
2024,10/1/2024,Chronic Hepatitis B,334
2024,10/1/2024,Chronic Hepatitis B,105
2024,10/1/2024,Chronic Hepatitis B,316
2024,10/1/2024,Chronic Hepatitis B,135
2024,10/1/2024,Chronic Hepatitis B,238
2024,11/1/2024,Chronic Hepatitis B,82
2024,11/1/2024,Chronic Hepatitis B,309
2024,11/1/2024,Chronic Hepatitis B,121
2024,11/1/2024,Chronic Hepatitis B,101
2024,12/1/2024,Chronic Hepatitis B,331
2024,12/1/2024,Chronic Hepatitis B,145
2024,12/1/2024,Chronic Hepatitis B,264
2024,12/1/2024,Chronic Hepatitis B,53
2024,1/1/2024,Chronic Hepatitis C,576
2024,1/1/2024,Chronic Hepatitis C,509
2024,1/1/2024,Chronic Hepatitis C,799
2024,1/1/2024,Chronic Hepatitis C,587
2024,1/1/2024,Chronic Hepatitis C,712
2024,2/1/2024,Chronic Hepatitis C,873
2024,2/1/2024,Chronic Hepatitis C,967
2024,2/1/2024,Chronic Hepatitis C,964
2024,2/1/2024,Chronic Hepatitis C,897
2024,3/1/2024,Chronic Hepatitis C,966
2024,3/1/2024,Chronic Hepatitis C,781
2024,3/1/2024,Chronic Hepatitis C,872
2024,3/1/2024,Chronic Hepatitis C,868
2024,4/1/2024,Chronic Hepatitis C,770
2024,4/1/2024,Chronic Hepatitis C,974
2024,4/1/2024,Chronic Hepatitis C,805
2024,4/1/2024,Chronic Hepatitis C,854
2024,4/1/2024,Chronic Hepatitis C,659
2024,5/1/2024,Chronic Hepatitis C,804
2024,5/1/2024,Chronic Hepatitis C,794
2024,5/1/2024,Chronic Hepatitis C,652
2024,5/1/2024,Chronic Hepatitis C,573
2024,6/1/2024,Chronic Hepatitis C,663
2024,6/1/2024,Chronic Hepatitis C,756
2024,6/1/2024,Chronic Hepatitis C,755
2024,6/1/2024,Chronic Hepatitis C,812
2024,7/1/2024,Chronic Hepatitis C,861
2024,7/1/2024,Chronic Hepatitis C,797
2024,7/1/2024,Chronic Hepatitis C,599
2024,7/1/2024,Chronic Hepatitis C,741
2024,7/1/2024,Chronic Hepatitis C,758
2024,8/1/2024,Chronic Hepatitis C,700
2024,8/1/2024,Chronic Hepatitis C,701
2024,8/1/2024,Chronic Hepatitis C,872
2024,8/1/2024,Chronic Hepatitis C,992
2024,9/1/2024,Chronic Hepatitis C,791
2024,9/1/2024,Chronic Hepatitis C,618
2024,9/1/2024,Chronic Hepatitis C,753
2024,9/1/2024,Chronic Hepatitis C,748
2024,10/1/2024,Chronic Hepatitis C,737
2024,10/1/2024,Chronic Hepatitis C,759
2024,10/1/2024,Chronic Hepatitis C,768
2024,10/1/2024,Chronic Hepatitis C,813
2024,10/1/2024,Chronic Hepatitis C,640
2024,11/1/2024,Chronic Hepatitis C,497
2024,11/1/2024,Chronic Hepatitis C,722
2024,11/1/2024,Chronic Hepatitis C,711
2024,11/1/2024,Chronic Hepatitis C,478
2024,12/1/2024,Chronic Hepatitis C,738
2024,12/1/2024,Chronic Hepatitis C,721
2024,12/1/2024,Chronic Hepatitis C,700
2024,12/1/2024,Chronic Hepatitis C,302
2023,1/1/2023,Coccidioidomycosis,161
2023,1/1/2023,Coccidioidomycosis,123
2023,1/1/2023,Coccidioidomycosis,168
2023,1/1/2023,Coccidioidomycosis,252
2023,1/1/2023,Coccidioidomycosis,189
2023,2/1/2023,Coccidioidomycosis,201
2023,2/1/2023,Coccidioidomycosis,206
2023,2/1/2023,Coccidioidomycosis,207
2023,2/1/2023,Coccidioidomycosis,234
2023,3/1/2023,Coccidioidomycosis,207
2023,3/1/2023,Coccidioidomycosis,279
2023,3/1/2023,Coccidioidomycosis,200
2023,4/1/2023,Coccidioidomycosis,212
2023,4/1/2023,Coccidioidomycosis,206
2023,4/1/2023,Coccidioidomycosis,77
2023,4/1/2023,Coccidioidomycosis,243
2023,4/1/2023,Coccidioidomycosis,207
2023,5/1/2023,Coccidioidomycosis,225
2023,5/1/2023,Coccidioidomycosis,203
2023,5/1/2023,Coccidioidomycosis,213
2023,5/1/2023,Coccidioidomycosis,200
2023,6/1/2023,Coccidioidomycosis,230
2023,6/1/2023,Coccidioidomycosis,231
2023,6/1/2023,Coccidioidomycosis,187
2023,6/1/2023,Coccidioidomycosis,197
2023,7/1/2023,Coccidioidomycosis,189
2023,7/1/2023,Coccidioidomycosis,237
2023,7/1/2023,Coccidioidomycosis,207
2023,7/1/2023,Coccidioidomycosis,268
2023,7/1/2023,Coccidioidomycosis,260
2023,8/1/2023,Coccidioidomycosis,288
2023,8/1/2023,Coccidioidomycosis,33
2023,8/1/2023,Coccidioidomycosis,232
2023,8/1/2023,Coccidioidomycosis,317
2023,9/1/2023,Coccidioidomycosis,207
2023,9/1/2023,Coccidioidomycosis,279
2023,9/1/2023,Coccidioidomycosis,268
2023,9/1/2023,Coccidioidomycosis,329
2023,10/1/2023,Coccidioidomycosis,336
2023,10/1/2023,Coccidioidomycosis,352
2023,10/1/2023,Coccidioidomycosis,271
2023,10/1/2023,Coccidioidomycosis,294
2023,10/1/2023,Coccidioidomycosis,339
2023,11/1/2023,Coccidioidomycosis,330
2023,11/1/2023,Coccidioidomycosis,359
2023,11/1/2023,Coccidioidomycosis,364
2023,11/1/2023,Coccidioidomycosis,457
2023,12/1/2023,Coccidioidomycosis,80
2023,12/1/2023,Coccidioidomycosis,103
2023,12/1/2023,Coccidioidomycosis,481
2023,12/1/2023,Coccidioidomycosis,473
2024,1/1/2024,Coccidioidomycosis,346
2024,1/1/2024,Coccidioidomycosis,399
2024,1/1/2024,Coccidioidomycosis,366
2024,1/1/2024,Coccidioidomycosis,392
2024,1/1/2024,Coccidioidomycosis,453
2024,2/1/2024,Coccidioidomycosis,412
2024,2/1/2024,Coccidioidomycosis,237
2024,2/1/2024,Coccidioidomycosis,415
2024,2/1/2024,Coccidioidomycosis,458
2024,3/1/2024,Coccidioidomycosis,459
2024,3/1/2024,Coccidioidomycosis,406
2024,3/1/2024,Coccidioidomycosis,480
2024,3/1/2024,Coccidioidomycosis,427
2024,4/1/2024,Coccidioidomycosis,229
2024,4/1/2024,Coccidioidomycosis,328
2024,4/1/2024,Coccidioidomycosis,267
2024,4/1/2024,Coccidioidomycosis,238
2024,4/1/2024,Coccidioidomycosis,213
2024,5/1/2024,Coccidioidomycosis,236
2024,5/1/2024,Coccidioidomycosis,273
2024,5/1/2024,Coccidioidomycosis,208
2024,5/1/2024,Coccidioidomycosis,168
2024,6/1/2024,Coccidioidomycosis,282
2024,6/1/2024,Coccidioidomycosis,264
2024,6/1/2024,Coccidioidomycosis,300
2024,6/1/2024,Coccidioidomycosis,213
2024,7/1/2024,Coccidioidomycosis,265
2024,7/1/2024,Coccidioidomycosis,262
2024,7/1/2024,Coccidioidomycosis,48
2024,7/1/2024,Coccidioidomycosis,39
2024,7/1/2024,Coccidioidomycosis,323
2024,8/1/2024,Coccidioidomycosis,334
2024,8/1/2024,Coccidioidomycosis,336
2024,8/1/2024,Coccidioidomycosis,237
2024,8/1/2024,Coccidioidomycosis,50
2024,9/1/2024,Coccidioidomycosis,55
2024,9/1/2024,Coccidioidomycosis,49
2024,9/1/2024,Coccidioidomycosis,49
2024,9/1/2024,Coccidioidomycosis,45
2024,10/1/2024,Coccidioidomycosis,70
2024,10/1/2024,Coccidioidomycosis,38
2024,10/1/2024,Coccidioidomycosis,69
2024,10/1/2024,Coccidioidomycosis,72
2024,10/1/2024,Coccidioidomycosis,23
2024,11/1/2024,Coccidioidomycosis,402
2024,11/1/2024,Coccidioidomycosis,405
2024,11/1/2024,Coccidioidomycosis,462
2024,11/1/2024,Coccidioidomycosis,394
2024,12/1/2024,Coccidioidomycosis,501
2024,12/1/2024,Coccidioidomycosis,504
2024,12/1/2024,Coccidioidomycosis,492
2024,12/1/2024,Coccidioidomycosis,304
2022,1/1/2022,Ehrlichiosis and Anaplasmosis,3
2022,1/1/2022,Ehrlichiosis and Anaplasmosis,1
2022,1/1/2022,Ehrlichiosis and Anaplasmosis,0
2022,1/1/2022,Ehrlichiosis and Anaplasmosis,0
2022,1/1/2022,Ehrlichiosis and Anaplasmosis,0
2022,2/1/2022,Ehrlichiosis and Anaplasmosis,2
2022,2/1/2022,Ehrlichiosis and Anaplasmosis,3
2022,2/1/2022,Ehrlichiosis and Anaplasmosis,1
2022,2/1/2022,Ehrlichiosis and Anaplasmosis,1
2022,3/1/2022,Ehrlichiosis and Anaplasmosis,2
2022,3/1/2022,Ehrlichiosis and Anaplasmosis,2
2022,3/1/2022,Ehrlichiosis and Anaplasmosis,1
2022,3/1/2022,Ehrlichiosis and Anaplasmosis,9
2022,4/1/2022,Ehrlichiosis and Anaplasmosis,11
2022,4/1/2022,Ehrlichiosis and Anaplasmosis,14
2022,4/1/2022,Ehrlichiosis and Anaplasmosis,6
2022,4/1/2022,Ehrlichiosis and Anaplasmosis,14
2022,4/1/2022,Ehrlichiosis and Anaplasmosis,20
2022,5/1/2022,Ehrlichiosis and Anaplasmosis,33
2022,5/1/2022,Ehrlichiosis and Anaplasmosis,41
2022,5/1/2022,Ehrlichiosis and Anaplasmosis,59
2022,5/1/2022,Ehrlichiosis and Anaplasmosis,86
2022,6/1/2022,Ehrlichiosis and Anaplasmosis,134
2022,6/1/2022,Ehrlichiosis and Anaplasmosis,113
2022,6/1/2022,Ehrlichiosis and Anaplasmosis,126
2022,6/1/2022,Ehrlichiosis and Anaplasmosis,109
2022,7/1/2022,Ehrlichiosis and Anaplasmosis,119
2022,7/1/2022,Ehrlichiosis and Anaplasmosis,82
2022,7/1/2022,Ehrlichiosis and Anaplasmosis,96
2022,7/1/2022,Ehrlichiosis and Anaplasmosis,109
2022,7/1/2022,Ehrlichiosis and Anaplasmosis,108
2022,8/1/2022,Ehrlichiosis and Anaplasmosis,85
2022,8/1/2022,Ehrlichiosis and Anaplasmosis,48
2022,8/1/2022,Ehrlichiosis and Anaplasmosis,51
2022,8/1/2022,Ehrlichiosis and Anaplasmosis,45
2022,9/1/2022,Ehrlichiosis and Anaplasmosis,32
2022,9/1/2022,Ehrlichiosis and Anaplasmosis,39
2022,9/1/2022,Ehrlichiosis and Anaplasmosis,24
2022,9/1/2022,Ehrlichiosis and Anaplasmosis,14
2022,10/1/2022,Ehrlichiosis and Anaplasmosis,26
2022,10/1/2022,Ehrlichiosis and Anaplasmosis,47
2022,10/1/2022,Ehrlichiosis and Anaplasmosis,25
2022,10/1/2022,Ehrlichiosis and Anaplasmosis,33
2022,10/1/2022,Ehrlichiosis and Anaplasmosis,44
2022,11/1/2022,Ehrlichiosis and Anaplasmosis,48
2022,11/1/2022,Ehrlichiosis and Anaplasmosis,74
2022,11/1/2022,Ehrlichiosis and Anaplasmosis,65
2022,11/1/2022,Ehrlichiosis and Anaplasmosis,83
2022,12/1/2022,Ehrlichiosis and Anaplasmosis,30
2022,12/1/2022,Ehrlichiosis and Anaplasmosis,30
2022,12/1/2022,Ehrlichiosis and Anaplasmosis,18
2022,12/1/2022,Ehrlichiosis and Anaplasmosis,6
2023,1/1/2023,Ehrlichiosis and Anaplasmosis,5
2023,1/1/2023,Ehrlichiosis and Anaplasmosis,4
2023,1/1/2023,Ehrlichiosis and Anaplasmosis,2
2023,1/1/2023,Ehrlichiosis and Anaplasmosis,5
2023,1/1/2023,Ehrlichiosis and Anaplasmosis,2
2023,2/1/2023,Ehrlichiosis and Anaplasmosis,6
2023,2/1/2023,Ehrlichiosis and Anaplasmosis,0
2023,2/1/2023,Ehrlichiosis and Anaplasmosis,4
2023,2/1/2023,Ehrlichiosis and Anaplasmosis,6
2023,3/1/2023,Ehrlichiosis and Anaplasmosis,6
2023,3/1/2023,Ehrlichiosis and Anaplasmosis,7
2023,3/1/2023,Ehrlichiosis and Anaplasmosis,6
2023,4/1/2023,Ehrlichiosis and Anaplasmosis,7
2023,4/1/2023,Ehrlichiosis and Anaplasmosis,6
2023,4/1/2023,Ehrlichiosis and Anaplasmosis,14
2023,4/1/2023,Ehrlichiosis and Anaplasmosis,22
2023,4/1/2023,Ehrlichiosis and Anaplasmosis,58
2023,5/1/2023,Ehrlichiosis and Anaplasmosis,65
2023,5/1/2023,Ehrlichiosis and Anaplasmosis,82
2023,5/1/2023,Ehrlichiosis and Anaplasmosis,67
2023,5/1/2023,Ehrlichiosis and Anaplasmosis,64
2023,6/1/2023,Ehrlichiosis and Anaplasmosis,142
2023,6/1/2023,Ehrlichiosis and Anaplasmosis,128
2023,6/1/2023,Ehrlichiosis and Anaplasmosis,152
2023,6/1/2023,Ehrlichiosis and Anaplasmosis,228
2023,7/1/2023,Ehrlichiosis and Anaplasmosis,251
2023,7/1/2023,Ehrlichiosis and Anaplasmosis,216
2023,7/1/2023,Ehrlichiosis and Anaplasmosis,243
2023,7/1/2023,Ehrlichiosis and Anaplasmosis,249
2023,7/1/2023,Ehrlichiosis and Anaplasmosis,231
2023,8/1/2023,Ehrlichiosis and Anaplasmosis,50
2023,8/1/2023,Ehrlichiosis and Anaplasmosis,111
2023,8/1/2023,Ehrlichiosis and Anaplasmosis,115
2023,8/1/2023,Ehrlichiosis and Anaplasmosis,71
2023,9/1/2023,Ehrlichiosis and Anaplasmosis,38
2023,9/1/2023,Ehrlichiosis and Anaplasmosis,43
2023,9/1/2023,Ehrlichiosis and Anaplasmosis,31
2023,9/1/2023,Ehrlichiosis and Anaplasmosis,26
2023,10/1/2023,Ehrlichiosis and Anaplasmosis,56
2023,10/1/2023,Ehrlichiosis and Anaplasmosis,59
2023,10/1/2023,Ehrlichiosis and Anaplasmosis,30
2023,10/1/2023,Ehrlichiosis and Anaplasmosis,26
2023,10/1/2023,Ehrlichiosis and Anaplasmosis,40
2023,11/1/2023,Ehrlichiosis and Anaplasmosis,63
2023,11/1/2023,Ehrlichiosis and Anaplasmosis,71
2023,11/1/2023,Ehrlichiosis and Anaplasmosis,26
2023,11/1/2023,Ehrlichiosis and Anaplasmosis,42
2023,12/1/2023,Ehrlichiosis and Anaplasmosis,9
2023,12/1/2023,Ehrlichiosis and Anaplasmosis,41
2023,12/1/2023,Ehrlichiosis and Anaplasmosis,20
2023,12/1/2023,Ehrlichiosis and Anaplasmosis,10
2022,1/1/2022,Gonorrhea,2821
2022,1/1/2022,Gonorrhea,3655
2022,1/1/2022,Gonorrhea,1477
2022,1/1/2022,Gonorrhea,2646
2022,1/1/2022,Gonorrhea,1774
2022,2/1/2022,Gonorrhea,3637
2022,2/1/2022,Gonorrhea,4399
2022,2/1/2022,Gonorrhea,3296
2022,2/1/2022,Gonorrhea,3652
2022,3/1/2022,Gonorrhea,3333
2022,3/1/2022,Gonorrhea,5319
2022,3/1/2022,Gonorrhea,4787
2022,3/1/2022,Gonorrhea,4888
2022,4/1/2022,Gonorrhea,5208
2022,4/1/2022,Gonorrhea,4667
2022,4/1/2022,Gonorrhea,4819
2022,4/1/2022,Gonorrhea,4717
2022,4/1/2022,Gonorrhea,4605
2022,5/1/2022,Gonorrhea,4593
2022,5/1/2022,Gonorrhea,4157
2022,5/1/2022,Gonorrhea,4047
2022,5/1/2022,Gonorrhea,2699
2022,6/1/2022,Gonorrhea,4575
2022,6/1/2022,Gonorrhea,4861
2022,6/1/2022,Gonorrhea,4816
2022,6/1/2022,Gonorrhea,4163
2022,7/1/2022,Gonorrhea,2633
2022,7/1/2022,Gonorrhea,6599
2022,7/1/2022,Gonorrhea,5035
2022,7/1/2022,Gonorrhea,4962
2022,7/1/2022,Gonorrhea,4378
2022,8/1/2022,Gonorrhea,5337
2022,8/1/2022,Gonorrhea,4925
2022,8/1/2022,Gonorrhea,5063
2022,8/1/2022,Gonorrhea,4559
2022,9/1/2022,Gonorrhea,4919
2022,9/1/2022,Gonorrhea,3933
2022,9/1/2022,Gonorrhea,4958
2022,9/1/2022,Gonorrhea,4760
2022,10/1/2022,Gonorrhea,4587
2022,10/1/2022,Gonorrhea,4866
2022,10/1/2022,Gonorrhea,5344
2022,10/1/2022,Gonorrhea,5526
2022,10/1/2022,Gonorrhea,5074
2022,11/1/2022,Gonorrhea,4565
2022,11/1/2022,Gonorrhea,5290
2022,11/1/2022,Gonorrhea,3361
2022,11/1/2022,Gonorrhea,4861
2022,12/1/2022,Gonorrhea,5011
2022,12/1/2022,Gonorrhea,4917
2022,12/1/2022,Gonorrhea,4143
2022,12/1/2022,Gonorrhea,1016
2023,1/1/2023,Gonorrhea,4615
2023,1/1/2023,Gonorrhea,4642
2023,1/1/2023,Gonorrhea,3709
2023,1/1/2023,Gonorrhea,5291
2023,1/1/2023,Gonorrhea,4116
2023,2/1/2023,Gonorrhea,3833
2023,2/1/2023,Gonorrhea,4382
2023,2/1/2023,Gonorrhea,4599
2023,2/1/2023,Gonorrhea,4231
2023,3/1/2023,Gonorrhea,4872
2023,3/1/2023,Gonorrhea,4156
2023,3/1/2023,Gonorrhea,4484
2023,4/1/2023,Gonorrhea,4414
2023,4/1/2023,Gonorrhea,4631
2023,4/1/2023,Gonorrhea,4464
2023,4/1/2023,Gonorrhea,4664
2023,4/1/2023,Gonorrhea,4456
2023,5/1/2023,Gonorrhea,4663
2023,5/1/2023,Gonorrhea,4226
2023,5/1/2023,Gonorrhea,4102
2023,5/1/2023,Gonorrhea,4159
2023,6/1/2023,Gonorrhea,3570
2023,6/1/2023,Gonorrhea,5126
2023,6/1/2023,Gonorrhea,4899
2023,6/1/2023,Gonorrhea,4055
2023,7/1/2023,Gonorrhea,3808
2023,7/1/2023,Gonorrhea,5054
2023,7/1/2023,Gonorrhea,5141
2023,7/1/2023,Gonorrhea,4772
2023,7/1/2023,Gonorrhea,4926
2023,8/1/2023,Gonorrhea,4283
2023,8/1/2023,Gonorrhea,4239
2023,8/1/2023,Gonorrhea,5129
2023,8/1/2023,Gonorrhea,4434
2023,9/1/2023,Gonorrhea,3752
2023,9/1/2023,Gonorrhea,4136
2023,9/1/2023,Gonorrhea,4770
2023,9/1/2023,Gonorrhea,4590
2023,10/1/2023,Gonorrhea,4723
2023,10/1/2023,Gonorrhea,3913
2023,10/1/2023,Gonorrhea,5097
2023,10/1/2023,Gonorrhea,4728
2023,10/1/2023,Gonorrhea,4342
2023,11/1/2023,Gonorrhea,3670
2023,11/1/2023,Gonorrhea,5269
2023,11/1/2023,Gonorrhea,3019
2023,11/1/2023,Gonorrhea,5214
2023,12/1/2023,Gonorrhea,402
2023,12/1/2023,Gonorrhea,4768
2023,12/1/2023,Gonorrhea,4583
2023,12/1/2023,Gonorrhea,3530
2024,1/1/2024,Gonorrhea,2086
2024,1/1/2024,Gonorrhea,3216
2024,1/1/2024,Gonorrhea,4234
2024,1/1/2024,Gonorrhea,3935
2024,1/1/2024,Gonorrhea,5739
2024,2/1/2024,Gonorrhea,4513
2024,2/1/2024,Gonorrhea,3897
2024,2/1/2024,Gonorrhea,4136
2024,2/1/2024,Gonorrhea,4084
2024,3/1/2024,Gonorrhea,4211
2024,3/1/2024,Gonorrhea,4225
2024,3/1/2024,Gonorrhea,4429
2024,3/1/2024,Gonorrhea,4144
2024,4/1/2024,Gonorrhea,3641
2024,4/1/2024,Gonorrhea,3963
2024,4/1/2024,Gonorrhea,4336
2024,4/1/2024,Gonorrhea,4131
2024,4/1/2024,Gonorrhea,3264
2024,5/1/2024,Gonorrhea,4423
2024,5/1/2024,Gonorrhea,4507
2024,5/1/2024,Gonorrhea,3989
2024,5/1/2024,Gonorrhea,3790
2024,6/1/2024,Gonorrhea,4657
2024,6/1/2024,Gonorrhea,4456
2024,6/1/2024,Gonorrhea,3930
2024,6/1/2024,Gonorrhea,4581
2024,7/1/2024,Gonorrhea,4261
2024,7/1/2024,Gonorrhea,5550
2024,7/1/2024,Gonorrhea,4492
2024,7/1/2024,Gonorrhea,4687
2024,7/1/2024,Gonorrhea,4774
2024,8/1/2024,Gonorrhea,4527
2024,8/1/2024,Gonorrhea,4730
2024,8/1/2024,Gonorrhea,4884
2024,8/1/2024,Gonorrhea,4450
2024,9/1/2024,Gonorrhea,3768
2024,9/1/2024,Gonorrhea,5272
2024,9/1/2024,Gonorrhea,5529
2024,9/1/2024,Gonorrhea,5236
2024,10/1/2024,Gonorrhea,4971
2024,10/1/2024,Gonorrhea,4648
2024,10/1/2024,Gonorrhea,5230
2024,10/1/2024,Gonorrhea,4855
2024,10/1/2024,Gonorrhea,4803
2024,11/1/2024,Gonorrhea,4722
2024,11/1/2024,Gonorrhea,5119
2024,11/1/2024,Gonorrhea,5242
2024,11/1/2024,Gonorrhea,4017
2024,12/1/2024,Gonorrhea,4681
2024,12/1/2024,Gonorrhea,4289
2024,12/1/2024,Gonorrhea,4082
2024,12/1/2024,Gonorrhea,3329
2022,1/1/2022,Invasive pneumococcal disease,148
2022,1/1/2022,Invasive pneumococcal disease,137
2022,1/1/2022,Invasive pneumococcal disease,103
2022,1/1/2022,Invasive pneumococcal disease,93
2022,1/1/2022,Invasive pneumococcal disease,118
2022,2/1/2022,Invasive pneumococcal disease,67
2022,2/1/2022,Invasive pneumococcal disease,71
2022,2/1/2022,Invasive pneumococcal disease,50
2022,2/1/2022,Invasive pneumococcal disease,64
2022,3/1/2022,Invasive pneumococcal disease,49
2022,3/1/2022,Invasive pneumococcal disease,120
2022,3/1/2022,Invasive pneumococcal disease,80
2022,3/1/2022,Invasive pneumococcal disease,120
2022,4/1/2022,Invasive pneumococcal disease,137
2022,4/1/2022,Invasive pneumococcal disease,119
2022,4/1/2022,Invasive pneumococcal disease,107
2022,4/1/2022,Invasive pneumococcal disease,134
2022,4/1/2022,Invasive pneumococcal disease,106
2022,5/1/2022,Invasive pneumococcal disease,149
2022,5/1/2022,Invasive pneumococcal disease,136
2022,5/1/2022,Invasive pneumococcal disease,101
2022,5/1/2022,Invasive pneumococcal disease,113
2022,6/1/2022,Invasive pneumococcal disease,119
2022,6/1/2022,Invasive pneumococcal disease,113
2022,6/1/2022,Invasive pneumococcal disease,113
2022,6/1/2022,Invasive pneumococcal disease,78
2022,7/1/2022,Invasive pneumococcal disease,66
2022,7/1/2022,Invasive pneumococcal disease,86
2022,7/1/2022,Invasive pneumococcal disease,67
2022,7/1/2022,Invasive pneumococcal disease,63
2022,7/1/2022,Invasive pneumococcal disease,61
2022,8/1/2022,Invasive pneumococcal disease,77
2022,8/1/2022,Invasive pneumococcal disease,65
2022,8/1/2022,Invasive pneumococcal disease,54
2022,8/1/2022,Invasive pneumococcal disease,37
2022,9/1/2022,Invasive pneumococcal disease,103
2022,9/1/2022,Invasive pneumococcal disease,111
2022,9/1/2022,Invasive pneumococcal disease,86
2022,9/1/2022,Invasive pneumococcal disease,87
2022,10/1/2022,Invasive pneumococcal disease,95
2022,10/1/2022,Invasive pneumococcal disease,130
2022,10/1/2022,Invasive pneumococcal disease,98
2022,10/1/2022,Invasive pneumococcal disease,125
2022,10/1/2022,Invasive pneumococcal disease,137
2022,11/1/2022,Invasive pneumococcal disease,130
2022,11/1/2022,Invasive pneumococcal disease,223
2022,11/1/2022,Invasive pneumococcal disease,142
2022,11/1/2022,Invasive pneumococcal disease,252
2022,12/1/2022,Invasive pneumococcal disease,258
2022,12/1/2022,Invasive pneumococcal disease,260
2022,12/1/2022,Invasive pneumococcal disease,232
2022,12/1/2022,Invasive pneumococcal disease,84
2023,1/1/2023,Invasive pneumococcal disease,204
2023,1/1/2023,Invasive pneumococcal disease,209
2023,1/1/2023,Invasive pneumococcal disease,412
2023,1/1/2023,Invasive pneumococcal disease,197
2023,1/1/2023,Invasive pneumococcal disease,193
2023,2/1/2023,Invasive pneumococcal disease,221
2023,2/1/2023,Invasive pneumococcal disease,256
2023,2/1/2023,Invasive pneumococcal disease,248
2023,2/1/2023,Invasive pneumococcal disease,233
2023,3/1/2023,Invasive pneumococcal disease,284
2023,3/1/2023,Invasive pneumococcal disease,195
2023,3/1/2023,Invasive pneumococcal disease,210
2023,4/1/2023,Invasive pneumococcal disease,193
2023,4/1/2023,Invasive pneumococcal disease,197
2023,4/1/2023,Invasive pneumococcal disease,172
2023,4/1/2023,Invasive pneumococcal disease,168
2023,4/1/2023,Invasive pneumococcal disease,175
2023,5/1/2023,Invasive pneumococcal disease,174
2023,5/1/2023,Invasive pneumococcal disease,170
2023,5/1/2023,Invasive pneumococcal disease,147
2023,5/1/2023,Invasive pneumococcal disease,178
2023,6/1/2023,Invasive pneumococcal disease,88
2023,6/1/2023,Invasive pneumococcal disease,153
2023,6/1/2023,Invasive pneumococcal disease,135
2023,6/1/2023,Invasive pneumococcal disease,110
2023,7/1/2023,Invasive pneumococcal disease,108
2023,7/1/2023,Invasive pneumococcal disease,90
2023,7/1/2023,Invasive pneumococcal disease,81
2023,7/1/2023,Invasive pneumococcal disease,101
2023,7/1/2023,Invasive pneumococcal disease,77
2023,8/1/2023,Invasive pneumococcal disease,72
2023,8/1/2023,Invasive pneumococcal disease,73
2023,8/1/2023,Invasive pneumococcal disease,62
2023,8/1/2023,Invasive pneumococcal disease,83
2023,9/1/2023,Invasive pneumococcal disease,79
2023,9/1/2023,Invasive pneumococcal disease,87
2023,9/1/2023,Invasive pneumococcal disease,98
2023,9/1/2023,Invasive pneumococcal disease,89
2023,10/1/2023,Invasive pneumococcal disease,157
2023,10/1/2023,Invasive pneumococcal disease,177
2023,10/1/2023,Invasive pneumococcal disease,118
2023,10/1/2023,Invasive pneumococcal disease,142
2023,10/1/2023,Invasive pneumococcal disease,128
2023,11/1/2023,Invasive pneumococcal disease,183
2023,11/1/2023,Invasive pneumococcal disease,190
2023,11/1/2023,Invasive pneumococcal disease,199
2023,11/1/2023,Invasive pneumococcal disease,337
2023,12/1/2023,Invasive pneumococcal disease,80
2023,12/1/2023,Invasive pneumococcal disease,218
2023,12/1/2023,Invasive pneumococcal disease,246
2023,12/1/2023,Invasive pneumococcal disease,252
2024,1/1/2024,Invasive pneumococcal disease,298
2024,1/1/2024,Invasive pneumococcal disease,329
2024,1/1/2024,Invasive pneumococcal disease,291
2024,1/1/2024,Invasive pneumococcal disease,289
2024,1/1/2024,Invasive pneumococcal disease,212
2024,2/1/2024,Invasive pneumococcal disease,259
2024,2/1/2024,Invasive pneumococcal disease,224
2024,2/1/2024,Invasive pneumococcal disease,274
2024,2/1/2024,Invasive pneumococcal disease,264
2024,3/1/2024,Invasive pneumococcal disease,238
2024,3/1/2024,Invasive pneumococcal disease,200
2024,3/1/2024,Invasive pneumococcal disease,303
2024,3/1/2024,Invasive pneumococcal disease,207
2024,4/1/2024,Invasive pneumococcal disease,205
2024,4/1/2024,Invasive pneumococcal disease,258
2024,4/1/2024,Invasive pneumococcal disease,198
2024,4/1/2024,Invasive pneumococcal disease,155
2024,4/1/2024,Invasive pneumococcal disease,196
2024,5/1/2024,Invasive pneumococcal disease,215
2024,5/1/2024,Invasive pneumococcal disease,163
2024,5/1/2024,Invasive pneumococcal disease,134
2024,5/1/2024,Invasive pneumococcal disease,143
2024,6/1/2024,Invasive pneumococcal disease,121
2024,6/1/2024,Invasive pneumococcal disease,133
2024,6/1/2024,Invasive pneumococcal disease,55
2024,6/1/2024,Invasive pneumococcal disease,128
2024,7/1/2024,Invasive pneumococcal disease,72
2024,7/1/2024,Invasive pneumococcal disease,78
2024,7/1/2024,Invasive pneumococcal disease,47
2024,7/1/2024,Invasive pneumococcal disease,80
2024,7/1/2024,Invasive pneumococcal disease,74
2024,8/1/2024,Invasive pneumococcal disease,62
2024,8/1/2024,Invasive pneumococcal disease,73
2024,8/1/2024,Invasive pneumococcal disease,97
2024,8/1/2024,Invasive pneumococcal disease,69
2024,9/1/2024,Invasive pneumococcal disease,109
2024,9/1/2024,Invasive pneumococcal disease,87
2024,9/1/2024,Invasive pneumococcal disease,97
2024,9/1/2024,Invasive pneumococcal disease,116
2024,10/1/2024,Invasive pneumococcal disease,108
2024,10/1/2024,Invasive pneumococcal disease,108
2024,10/1/2024,Invasive pneumococcal disease,123
2024,10/1/2024,Invasive pneumococcal disease,166
2024,10/1/2024,Invasive pneumococcal disease,150
2024,11/1/2024,Invasive pneumococcal disease,149
2024,11/1/2024,Invasive pneumococcal disease,179
2024,11/1/2024,Invasive pneumococcal disease,177
2024,11/1/2024,Invasive pneumococcal disease,127
2024,12/1/2024,Invasive pneumococcal disease,262
2024,12/1/2024,Invasive pneumococcal disease,296
2024,12/1/2024,Invasive pneumococcal disease,215
2024,12/1/2024,Invasive pneumococcal disease,202
2022,1/1/2022,Pertussis,5
2022,1/1/2022,Pertussis,8
2022,1/1/2022,Pertussis,2
2022,1/1/2022,Pertussis,4
2022,1/1/2022,Pertussis,7
2022,2/1/2022,Pertussis,14
2022,2/1/2022,Pertussis,4
2022,2/1/2022,Pertussis,4
2022,2/1/2022,Pertussis,3
2022,3/1/2022,Pertussis,1
2022,3/1/2022,Pertussis,16
2022,3/1/2022,Pertussis,3
2022,3/1/2022,Pertussis,9
2022,4/1/2022,Pertussis,12
2022,4/1/2022,Pertussis,6
2022,4/1/2022,Pertussis,6
2022,4/1/2022,Pertussis,10
2022,4/1/2022,Pertussis,13
2022,5/1/2022,Pertussis,11
2022,5/1/2022,Pertussis,20
2022,5/1/2022,Pertussis,12
2022,5/1/2022,Pertussis,13
2022,6/1/2022,Pertussis,17
2022,6/1/2022,Pertussis,14
2022,6/1/2022,Pertussis,24
2022,6/1/2022,Pertussis,15
2022,7/1/2022,Pertussis,6
2022,7/1/2022,Pertussis,29
2022,7/1/2022,Pertussis,12
2022,7/1/2022,Pertussis,7
2022,7/1/2022,Pertussis,17
2022,8/1/2022,Pertussis,24
2022,8/1/2022,Pertussis,25
2022,8/1/2022,Pertussis,20
2022,8/1/2022,Pertussis,29
2022,9/1/2022,Pertussis,11
2022,9/1/2022,Pertussis,18
2022,9/1/2022,Pertussis,17
2022,9/1/2022,Pertussis,13
2022,10/1/2022,Pertussis,19
2022,10/1/2022,Pertussis,36
2022,10/1/2022,Pertussis,28
2022,10/1/2022,Pertussis,23
2022,10/1/2022,Pertussis,28
2022,11/1/2022,Pertussis,40
2022,11/1/2022,Pertussis,46
2022,11/1/2022,Pertussis,28
2022,11/1/2022,Pertussis,21
2022,12/1/2022,Pertussis,40
2022,12/1/2022,Pertussis,32
2022,12/1/2022,Pertussis,37
2022,12/1/2022,Pertussis,3
2023,1/1/2023,Pertussis,15
2023,1/1/2023,Pertussis,36
2023,1/1/2023,Pertussis,18
2023,1/1/2023,Pertussis,29
2023,1/1/2023,Pertussis,35
2023,2/1/2023,Pertussis,33
2023,2/1/2023,Pertussis,41
2023,2/1/2023,Pertussis,28
2023,2/1/2023,Pertussis,58
2023,3/1/2023,Pertussis,52
2023,3/1/2023,Pertussis,44
2023,3/1/2023,Pertussis,43
2023,4/1/2023,Pertussis,53
2023,4/1/2023,Pertussis,26
2023,4/1/2023,Pertussis,33
2023,4/1/2023,Pertussis,23
2023,4/1/2023,Pertussis,36
2023,5/1/2023,Pertussis,31
2023,5/1/2023,Pertussis,41
2023,5/1/2023,Pertussis,38
2023,5/1/2023,Pertussis,59
2023,6/1/2023,Pertussis,34
2023,6/1/2023,Pertussis,49
2023,6/1/2023,Pertussis,72
2023,6/1/2023,Pertussis,51
2023,7/1/2023,Pertussis,31
2023,7/1/2023,Pertussis,58
2023,7/1/2023,Pertussis,40
2023,7/1/2023,Pertussis,56
2023,7/1/2023,Pertussis,38
2023,8/1/2023,Pertussis,27
2023,8/1/2023,Pertussis,40
2023,8/1/2023,Pertussis,48
2023,8/1/2023,Pertussis,34
2023,9/1/2023,Pertussis,38
2023,9/1/2023,Pertussis,28
2023,9/1/2023,Pertussis,42
2023,9/1/2023,Pertussis,40
2023,10/1/2023,Pertussis,65
2023,10/1/2023,Pertussis,62
2023,10/1/2023,Pertussis,46
2023,10/1/2023,Pertussis,37
2023,10/1/2023,Pertussis,40
2023,11/1/2023,Pertussis,91
2023,11/1/2023,Pertussis,100
2023,11/1/2023,Pertussis,55
2023,11/1/2023,Pertussis,90
2023,12/1/2023,Pertussis,5
2023,12/1/2023,Pertussis,105
2023,12/1/2023,Pertussis,137
2023,12/1/2023,Pertussis,128
2024,1/1/2024,Pertussis,39
2024,1/1/2024,Pertussis,72
2024,1/1/2024,Pertussis,80
2024,1/1/2024,Pertussis,97
2024,1/1/2024,Pertussis,84
2024,2/1/2024,Pertussis,86
2024,2/1/2024,Pertussis,73
2024,2/1/2024,Pertussis,64
2024,2/1/2024,Pertussis,80
2024,3/1/2024,Pertussis,74
2024,3/1/2024,Pertussis,99
2024,3/1/2024,Pertussis,89
2024,3/1/2024,Pertussis,97
2024,4/1/2024,Pertussis,91
2024,4/1/2024,Pertussis,122
2024,4/1/2024,Pertussis,162
2024,4/1/2024,Pertussis,159
2024,4/1/2024,Pertussis,116
2024,5/1/2024,Pertussis,137
2024,5/1/2024,Pertussis,149
2024,5/1/2024,Pertussis,138
2024,5/1/2024,Pertussis,117
2024,6/1/2024,Pertussis,153
2024,6/1/2024,Pertussis,177
2024,6/1/2024,Pertussis,93
2024,6/1/2024,Pertussis,184
2024,7/1/2024,Pertussis,215
2024,7/1/2024,Pertussis,157
2024,7/1/2024,Pertussis,145
2024,7/1/2024,Pertussis,215
2024,7/1/2024,Pertussis,259
2024,8/1/2024,Pertussis,183
2024,8/1/2024,Pertussis,234
2024,8/1/2024,Pertussis,250
2024,8/1/2024,Pertussis,251
2024,9/1/2024,Pertussis,289
2024,9/1/2024,Pertussis,234
2024,9/1/2024,Pertussis,292
2024,9/1/2024,Pertussis,292
2024,10/1/2024,Pertussis,302
2024,10/1/2024,Pertussis,246
2024,10/1/2024,Pertussis,348
2024,10/1/2024,Pertussis,462
2024,10/1/2024,Pertussis,497
2024,11/1/2024,Pertussis,389
2024,11/1/2024,Pertussis,434
2024,11/1/2024,Pertussis,577
2024,11/1/2024,Pertussis,364
2024,12/1/2024,Pertussis,533
2024,12/1/2024,Pertussis,509
2024,12/1/2024,Pertussis,424
2024,12/1/2024,Pertussis,212
2022,1/1/2022,Salmonellosis,96
2022,1/1/2022,Salmonellosis,65
2022,1/1/2022,Salmonellosis,77
2022,1/1/2022,Salmonellosis,46
2022,1/1/2022,Salmonellosis,24
2022,2/1/2022,Salmonellosis,57
2022,2/1/2022,Salmonellosis,107
2022,2/1/2022,Salmonellosis,55
2022,2/1/2022,Salmonellosis,115
2022,3/1/2022,Salmonellosis,159
2022,3/1/2022,Salmonellosis,162
2022,3/1/2022,Salmonellosis,211
2022,3/1/2022,Salmonellosis,181
2022,4/1/2022,Salmonellosis,185
2022,4/1/2022,Salmonellosis,285
2022,4/1/2022,Salmonellosis,146
2022,4/1/2022,Salmonellosis,219
2022,4/1/2022,Salmonellosis,232
2022,5/1/2022,Salmonellosis,348
2022,5/1/2022,Salmonellosis,289
2022,5/1/2022,Salmonellosis,287
2022,5/1/2022,Salmonellosis,227
2022,6/1/2022,Salmonellosis,381
2022,6/1/2022,Salmonellosis,405
2022,6/1/2022,Salmonellosis,336
2022,6/1/2022,Salmonellosis,271
2022,7/1/2022,Salmonellosis,297
2022,7/1/2022,Salmonellosis,722
2022,7/1/2022,Salmonellosis,384
2022,7/1/2022,Salmonellosis,535
2022,7/1/2022,Salmonellosis,631
2022,8/1/2022,Salmonellosis,457
2022,8/1/2022,Salmonellosis,541
2022,8/1/2022,Salmonellosis,618
2022,8/1/2022,Salmonellosis,447
2022,9/1/2022,Salmonellosis,598
2022,9/1/2022,Salmonellosis,592
2022,9/1/2022,Salmonellosis,683
2022,9/1/2022,Salmonellosis,509
2022,10/1/2022,Salmonellosis,390
2022,10/1/2022,Salmonellosis,265
2022,10/1/2022,Salmonellosis,378
2022,10/1/2022,Salmonellosis,364
2022,10/1/2022,Salmonellosis,367
2022,11/1/2022,Salmonellosis,280
2022,11/1/2022,Salmonellosis,336
2022,11/1/2022,Salmonellosis,259
2022,11/1/2022,Salmonellosis,458
2022,12/1/2022,Salmonellosis,252
2022,12/1/2022,Salmonellosis,262
2022,12/1/2022,Salmonellosis,205
2022,12/1/2022,Salmonellosis,126
2023,1/1/2023,Salmonellosis,297
2023,1/1/2023,Salmonellosis,206
2023,1/1/2023,Salmonellosis,307
2023,1/1/2023,Salmonellosis,280
2023,1/1/2023,Salmonellosis,219
2023,2/1/2023,Salmonellosis,203
2023,2/1/2023,Salmonellosis,198
2023,2/1/2023,Salmonellosis,266
2023,2/1/2023,Salmonellosis,201
2023,3/1/2023,Salmonellosis,246
2023,3/1/2023,Salmonellosis,200
2023,3/1/2023,Salmonellosis,274
2023,4/1/2023,Salmonellosis,222
2023,4/1/2023,Salmonellosis,227
2023,4/1/2023,Salmonellosis,200
2023,4/1/2023,Salmonellosis,282
2023,4/1/2023,Salmonellosis,333
2023,5/1/2023,Salmonellosis,347
2023,5/1/2023,Salmonellosis,358
2023,5/1/2023,Salmonellosis,419
2023,5/1/2023,Salmonellosis,308
2023,6/1/2023,Salmonellosis,331
2023,6/1/2023,Salmonellosis,368
2023,6/1/2023,Salmonellosis,318
2023,6/1/2023,Salmonellosis,518
2023,7/1/2023,Salmonellosis,518
2023,7/1/2023,Salmonellosis,538
2023,7/1/2023,Salmonellosis,475
2023,7/1/2023,Salmonellosis,459
2023,7/1/2023,Salmonellosis,514
2023,8/1/2023,Salmonellosis,504
2023,8/1/2023,Salmonellosis,560
2023,8/1/2023,Salmonellosis,533
2023,8/1/2023,Salmonellosis,723
2023,9/1/2023,Salmonellosis,464
2023,9/1/2023,Salmonellosis,499
2023,9/1/2023,Salmonellosis,488
2023,9/1/2023,Salmonellosis,413
2023,10/1/2023,Salmonellosis,533
2023,10/1/2023,Salmonellosis,422
2023,10/1/2023,Salmonellosis,659
2023,10/1/2023,Salmonellosis,616
2023,10/1/2023,Salmonellosis,378
2023,11/1/2023,Salmonellosis,375
2023,11/1/2023,Salmonellosis,420
2023,11/1/2023,Salmonellosis,293
2023,11/1/2023,Salmonellosis,378
2023,12/1/2023,Salmonellosis,54
2023,12/1/2023,Salmonellosis,436
2023,12/1/2023,Salmonellosis,265
2023,12/1/2023,Salmonellosis,207
2024,1/1/2024,Salmonellosis,215
2024,1/1/2024,Salmonellosis,237
2024,1/1/2024,Salmonellosis,294
2024,1/1/2024,Salmonellosis,297
2024,1/1/2024,Salmonellosis,228
2024,2/1/2024,Salmonellosis,306
2024,2/1/2024,Salmonellosis,239
2024,2/1/2024,Salmonellosis,322
2024,2/1/2024,Salmonellosis,309
2024,3/1/2024,Salmonellosis,367
2024,3/1/2024,Salmonellosis,399
2024,3/1/2024,Salmonellosis,332
2024,3/1/2024,Salmonellosis,280
2024,4/1/2024,Salmonellosis,401
2024,4/1/2024,Salmonellosis,326
2024,4/1/2024,Salmonellosis,417
2024,4/1/2024,Salmonellosis,433
2024,4/1/2024,Salmonellosis,397
2024,5/1/2024,Salmonellosis,407
2024,5/1/2024,Salmonellosis,397
2024,5/1/2024,Salmonellosis,333
2024,5/1/2024,Salmonellosis,421
2024,6/1/2024,Salmonellosis,474
2024,6/1/2024,Salmonellosis,500
2024,6/1/2024,Salmonellosis,586
2024,6/1/2024,Salmonellosis,473
2024,7/1/2024,Salmonellosis,587
2024,7/1/2024,Salmonellosis,484
2024,7/1/2024,Salmonellosis,432
2024,7/1/2024,Salmonellosis,543
2024,7/1/2024,Salmonellosis,572
2024,8/1/2024,Salmonellosis,588
2024,8/1/2024,Salmonellosis,565
2024,8/1/2024,Salmonellosis,664
2024,8/1/2024,Salmonellosis,638
2024,9/1/2024,Salmonellosis,632
2024,9/1/2024,Salmonellosis,585
2024,9/1/2024,Salmonellosis,729
2024,9/1/2024,Salmonellosis,593
2024,10/1/2024,Salmonellosis,599
2024,10/1/2024,Salmonellosis,365
2024,10/1/2024,Salmonellosis,650
2024,10/1/2024,Salmonellosis,655
2024,10/1/2024,Salmonellosis,413
2024,11/1/2024,Salmonellosis,470
2024,11/1/2024,Salmonellosis,531
2024,11/1/2024,Salmonellosis,501
2024,11/1/2024,Salmonellosis,353
2024,12/1/2024,Salmonellosis,519
2024,12/1/2024,Salmonellosis,465
2024,12/1/2024,Salmonellosis,397
2024,12/1/2024,Salmonellosis,177